title,author,language,subjects,bookshelves,book_id,book_url
"Frankenstein; Or, The Modern Prometheus","['Shelley, Mary Wollstonecraft, 1797-1851']",English,"['Science fiction', 'Horror tales', 'Gothic fiction', 'Scientists -- Fiction', 'Monsters -- Fiction', 'Frankenstein, Victor (Fictitious character) -- Fiction', ""Frankenstein's monster (Fictitious character) -- Fiction""]",[],84,https://www.gutenberg.org/ebooks/84
"Moby Dick; Or, The Whale","['Melville, Herman, 1819-1891']",English,"['Whaling -- Fiction', 'Sea stories', 'Psychological fiction', 'Ship captains -- Fiction', 'Adventure stories', 'Mentally ill -- Fiction', 'Ahab, Captain (Fictitious character) -- Fiction', 'Whales -- Fiction', 'Whaling ships -- Fiction']",[],2701,https://www.gutenberg.org/ebooks/2701
Pride and Prejudice,"['Austen, Jane, 1775-1817']",English,"['England -- Fiction', 'Young women -- Fiction', 'Love stories', 'Sisters -- Fiction', 'Domestic fiction', 'Courtship -- Fiction', 'Social classes -- Fiction']",[],1342,https://www.gutenberg.org/ebooks/1342
Wuthering Heights,"['Brontë, Emily, 1818-1848']",English,"['Revenge -- Fiction', 'Psychological fiction', 'Rejection (Psychology) -- Fiction', 'Love stories', 'Domestic fiction', 'Yorkshire (England) -- Fiction', 'Foundlings -- Fiction', 'Rural families -- Fiction', 'Heathcliff (Fictitious character : Brontë) -- Fiction', 'Triangles (Interpersonal relations) -- Fiction']",[],768,https://www.gutenberg.org/ebooks/768
Romeo and Juliet,"['Shakespeare, William, 1564-1616']",English,"['Vendetta -- Drama', 'Youth -- Drama', 'Verona (Italy) -- Drama', 'Juliet (Fictitious character) -- Drama', 'Romeo (Fictitious character) -- Drama', 'Conflict of generations -- Drama', 'Tragedies (Drama)']",[],1513,https://www.gutenberg.org/ebooks/1513
The Strange Case of Dr. Jekyll and Mr. Hyde,"['Stevenson, Robert Louis, 1850-1894']",English,"['Science fiction', 'Horror tales', 'London (England) -- Fiction', 'Physicians -- Fiction', 'Psychological fiction', 'Self-experimentation in medicine -- Fiction', 'Multiple personality -- Fiction']",[],43,https://www.gutenberg.org/ebooks/43
A Room with a View,"['Forster, E. M. (Edward Morgan), 1879-1970']",English,"['Humorous stories', 'England -- Fiction', 'Young women -- Fiction', 'British -- Italy -- Fiction', 'Florence (Italy) -- Fiction']",[],2641,https://www.gutenberg.org/ebooks/2641
Alice's Adventures in Wonderland,"['Carroll, Lewis, 1832-1898']",English,"['Fantasy fiction', ""Children's stories"", 'Imaginary places -- Juvenile fiction', 'Alice (Fictitious character from Carroll) -- Juvenile fiction']",[],11,https://www.gutenberg.org/ebooks/11
The Complete Works of William Shakespeare,"['Shakespeare, William, 1564-1616']",English,"['English drama -- Early modern and Elizabethan, 1500-1600']",[],100,https://www.gutenberg.org/ebooks/100
Middlemarch,"['Eliot, George, 1819-1880']",English,"['Didactic fiction', 'City and town life -- Fiction', 'England -- Fiction', 'Young women -- Fiction', 'Love stories', 'Domestic fiction', 'Married people -- Fiction', 'Bildungsromans']",[],145,https://www.gutenberg.org/ebooks/145
Jane Eyre: An Autobiography,"['Brontë, Charlotte, 1816-1855']",English,"['Orphans -- Fiction', 'England -- Fiction', 'Young women -- Fiction', 'Love stories', 'Governesses -- Fiction', 'Fathers and daughters -- Fiction', 'Mentally ill women -- Fiction', 'Charity-schools -- Fiction', 'Married people -- Fiction', 'Country homes -- Fiction', 'Bildungsromans']",[],1260,https://www.gutenberg.org/ebooks/1260
Beowulf: An Anglo-Saxon Epic Poem,[],English,"['Epic poetry, English (Old)', 'Monsters -- Poetry', 'Dragons -- Poetry']",[],16328,https://www.gutenberg.org/ebooks/16328
"Little Women; Or, Meg, Jo, Beth, and Amy","['Alcott, Louisa May, 1832-1888']",English,"['Autobiographical fiction', 'Young women -- Fiction', 'Sisters -- Fiction', 'Domestic fiction', 'Family life -- New England -- Fiction', 'New England -- Fiction', 'Bildungsromans', 'Mothers and daughters -- Fiction', 'March family (Fictitious characters) -- Fiction']",[],37106,https://www.gutenberg.org/ebooks/37106
Crime and Punishment,"['Dostoyevsky, Fyodor, 1821-1881']",English,"['Detective and mystery stories', 'Psychological fiction', 'Saint Petersburg (Russia) -- Fiction', 'Murder -- Fiction', 'Crime -- Psychological aspects -- Fiction']",[],2554,https://www.gutenberg.org/ebooks/2554
The Great Gatsby,"['Fitzgerald, F. Scott (Francis Scott), 1896-1940']",English,"['Psychological fiction', 'First loves -- Fiction', 'Married women -- Fiction', 'Rich people -- Fiction', 'Long Island (N.Y.) -- Fiction']",[],64317,https://www.gutenberg.org/ebooks/64317
The Blue Castle: a novel,"['Montgomery, L. M. (Lucy Maud), 1874-1942']",English,"['Self-actualization (Psychology) -- Fiction', 'Single women -- Fiction', 'Canada -- History -- 1914-1945 -- Fiction', 'Romance fiction', 'Love -- Fiction', 'Young adult fiction', 'Choice (Psychology) -- Fiction']",[],67979,https://www.gutenberg.org/ebooks/67979
"A Modest ProposalFor preventing the children of poor people in Ireland, from being a burden on their parents or country, and for making them beneficial to the publick","['Swift, Jonathan, 1667-1745']",English,"['Political satire, English', 'Religious satire, English', 'Ireland -- Politics and government -- 18th century -- Humor']",[],1080,https://www.gutenberg.org/ebooks/1080
The Enchanted April,"['Von Arnim, Elizabeth, 1866-1941']",English,"['Love stories', 'Domestic fiction', 'Italy -- Fiction', 'Female friendship -- Fiction', 'British -- Italy -- Fiction']",[],16389,https://www.gutenberg.org/ebooks/16389
My Life — Volume 1,"['Wagner, Richard, 1813-1883']",English,"['Wagner, Richard, 1813-1883', 'Composers -- Germany -- Biography']",[],5197,https://www.gutenberg.org/ebooks/5197
The Adventures of Ferdinand Count Fathom — Complete,"['Smollett, T. (Tobias), 1721-1771']",English,"['Gothic fiction', 'Adventure stories']",[],6761,https://www.gutenberg.org/ebooks/6761
Twenty years after,"['Dumas, Alexandre, 1802-1870', 'Maquet, Auguste, 1813-1888']",English,"['France -- History -- Louis XIV, 1643-1715 -- Fiction']",[],1259,https://www.gutenberg.org/ebooks/1259
Cranford,"['Gaskell, Elizabeth Cleghorn, 1810-1865']",English,"['England -- Fiction', 'Sisters -- Fiction', 'Pastoral fiction', 'Villages -- Fiction', 'Older women -- Fiction', 'Female friendship -- Fiction']",[],394,https://www.gutenberg.org/ebooks/394
The Expedition of Humphry Clinker,"['Smollett, T. (Tobias), 1721-1771']",English,"['Epistolary fiction', 'Travelers -- Fiction', 'Great Britain -- Fiction']",[],2160,https://www.gutenberg.org/ebooks/2160
The King in Yellow,"['Chambers, Robert W. (Robert William), 1865-1933']",English,"['Short stories, American', 'Horror tales, American', 'United States -- Social life and customs -- 19th century -- Fiction']",[],8492,https://www.gutenberg.org/ebooks/8492
"History of Tom Jones, a Foundling","['Fielding, Henry, 1707-1754']",English,"['Humorous stories', 'England -- Fiction', 'Bildungsromans', 'Young men -- Fiction', 'Foundlings -- Fiction', 'Identity (Psychology) -- Fiction']",[],6593,https://www.gutenberg.org/ebooks/6593
The Picture of Dorian Gray,"['Wilde, Oscar, 1854-1900']",English,"['Didactic fiction', 'Supernatural -- Fiction', 'Conduct of life -- Fiction', 'Portraits -- Fiction', 'Great Britain -- History -- Victoria, 1837-1901 -- Fiction', 'London (England) -- History -- 1800-1950 -- Fiction', 'Appearance (Philosophy) -- Fiction', 'Paranormal fiction']",[],174,https://www.gutenberg.org/ebooks/174
A Doll's House : a play,"['Ibsen, Henrik, 1828-1906']",English,"['Marriage -- Drama', 'Man-woman relationships -- Drama', 'Norwegian drama -- Translations into English', 'Wives -- Drama']",[],2542,https://www.gutenberg.org/ebooks/2542
The Yellow Wallpaper,"['Gilman, Charlotte Perkins, 1860-1935']",English,"['Psychological fiction', 'Mentally ill women -- Fiction', 'Feminist fiction', 'Married women -- Psychology -- Fiction', 'Sex role -- Fiction']",[],1952,https://www.gutenberg.org/ebooks/1952
The Adventures of Roderick Random,"['Smollett, T. (Tobias), 1721-1771']",English,"['Sea stories', 'England -- Fiction', 'Picaresque literature', 'Rogues and vagabonds -- Fiction', 'Sailors -- Fiction', 'Warships -- Fiction', 'Scots -- England -- Fiction', 'Impressment -- Fiction']",[],4085,https://www.gutenberg.org/ebooks/4085
The Importance of Being Earnest: A Trivial Comedy for Serious People,"['Wilde, Oscar, 1854-1900']",English,"['Comedy plays', 'England -- Drama', 'Identity (Psychology) -- Drama', 'Foundlings -- Drama']",[],844,https://www.gutenberg.org/ebooks/844
A Tale of Two Cities,"['Dickens, Charles, 1812-1870']",English,"['Historical fiction', 'France -- History -- Revolution, 1789-1799 -- Fiction', 'London (England) -- History -- 18th century -- Fiction', 'War stories', 'Executions and executioners -- Fiction', 'French -- England -- London -- Fiction', 'Lookalikes -- Fiction', 'British -- France -- Paris -- Fiction', 'Paris (France) -- History -- 1789-1799 -- Fiction']",[],98,https://www.gutenberg.org/ebooks/98
The Count of Monte Cristo,"['Dumas, Alexandre, 1802-1870', 'Maquet, Auguste, 1813-1888']",English,"['Historical fiction', 'Revenge -- Fiction', 'Adventure stories', 'Prisoners -- Fiction', 'France -- History -- 19th century -- Fiction', 'Pirates -- Fiction', 'Dantès, Edmond (Fictitious character) -- Fiction']",[],1184,https://www.gutenberg.org/ebooks/1184
Simple Sabotage Field Manual,['United States. Office of Strategic Services'],English,['Sabotage'],[],26184,https://www.gutenberg.org/ebooks/26184
Project Gutenberg Compilation of Short Stories by Chekhov,"['Chekhov, Anton Pavlovich, 1860-1904']",English,"['Russia -- Social life and customs -- Fiction', 'Chekhov, Anton Pavlovich, 1860-1904 -- Translations into English', 'Short stories, Russian -- Translations into English', 'Russian fiction -- Translations into English']",[],57333,https://www.gutenberg.org/ebooks/57333
Adventures of Huckleberry Finn,"['Twain, Mark, 1835-1910']",English,"['Humorous stories', 'Bildungsromans', 'Boys -- Fiction', 'Male friendship -- Fiction', 'Adventure stories', 'Missouri -- Fiction', 'Race relations -- Fiction', 'Runaway children -- Fiction', 'Finn, Huckleberry (Fictitious character) -- Fiction', 'Fugitive slaves -- Fiction', 'Mississippi River -- Fiction']",[],76,https://www.gutenberg.org/ebooks/76
Dracula,"['Stoker, Bram, 1847-1912']",English,"['Horror tales', 'Epistolary fiction', 'Gothic fiction', 'Vampires -- Fiction', 'Dracula, Count (Fictitious character) -- Fiction', 'Transylvania (Romania) -- Fiction', 'Whitby (England) -- Fiction']",[],345,https://www.gutenberg.org/ebooks/345
The Brothers Karamazov,"['Dostoyevsky, Fyodor, 1821-1881']",English,"['Didactic fiction', 'Fathers and sons -- Fiction', 'Russia -- Social life and customs -- 1533-1917 -- Fiction', 'Brothers -- Fiction']",[],28054,https://www.gutenberg.org/ebooks/28054
Great Expectations,"['Dickens, Charles, 1812-1870']",English,"['Orphans -- Fiction', 'England -- Fiction', 'Revenge -- Fiction', 'Bildungsromans', 'Young men -- Fiction', 'Man-woman relationships -- Fiction', 'Ex-convicts -- Fiction', 'Benefactors -- Fiction']",[],1400,https://www.gutenberg.org/ebooks/1400
"The man who married the moon, and other Pueblo Indian folk-stories","['Lummis, Charles Fletcher, 1859-1928']",English,['Pueblo Indians -- Folklore'],[],77804,https://www.gutenberg.org/ebooks/77804
The Adventures of Sherlock Holmes,"['Doyle, Arthur Conan, 1859-1930']",English,"['Holmes, Sherlock (Fictitious character) -- Fiction', 'Private investigators -- England -- Fiction', 'Detective and mystery stories, English']",[],1661,https://www.gutenberg.org/ebooks/1661
The Scarlet Letter,"['Hawthorne, Nathaniel, 1804-1864']",English,"['Adultery -- Fiction', 'Historical fiction', 'Revenge -- Fiction', 'Psychological fiction', 'Married women -- Fiction', 'Clergy -- Fiction', 'Triangles (Interpersonal relations) -- Fiction', 'Illegitimate children -- Fiction', 'Women immigrants -- Fiction', 'Puritans -- Fiction', 'Boston (Mass.) -- History -- Colonial period, ca. 1600-1775 -- Fiction']",[],25344,https://www.gutenberg.org/ebooks/25344
The Iliad,"['Homer, 751? BCE-651? BCE']",English,"['Classical literature', 'Epic poetry, Greek -- Translations into English', 'Achilles (Mythological character) -- Poetry', 'Trojan War -- Poetry']",[],6130,https://www.gutenberg.org/ebooks/6130
Leviathan,"['Hobbes, Thomas, 1588-1679']",English,"['Political science -- Early works to 1800', 'State, The -- Early works to 1800']",[],3207,https://www.gutenberg.org/ebooks/3207
Thus Spake Zarathustra: A Book for All and None,"['Nietzsche, Friedrich Wilhelm, 1844-1900']",English,"['Superman (Philosophical concept)', 'Philosophy, German']",[],1998,https://www.gutenberg.org/ebooks/1998
The Wonderful Wizard of Oz,"['Baum, L. Frank (Lyman Frank), 1856-1919']",English,"['Oz (Imaginary place) -- Juvenile fiction', 'Fantasy literature', 'Courage -- Juvenile fiction', 'Home -- Juvenile fiction', 'Good and evil -- Juvenile fiction', 'Dreams -- Juvenile fiction', 'Gale, Dorothy (Fictitious character) -- Juvenile fiction', 'Cowardly Lion (Fictitious character) -- Juvenile fiction', 'Cyclones -- Juvenile fiction', 'Scarecrow (Fictitious character from Baum) -- Juvenile fiction', 'Toto (Fictitious character) -- Juvenile fiction', 'Witches -- Juvenile fiction', 'Wizard of Oz (Fictitious character) -- Juvenile fiction', 'Tin Woodman (Fictitious character) -- Juvenile fiction']",[],55,https://www.gutenberg.org/ebooks/55
"U.S. Copyright Renewals, 1965 July - December",['Library of Congress. Copyright Office'],English,['Copyright -- United States -- Catalogs'],[],11832,https://www.gutenberg.org/ebooks/11832
The Prince,"['Machiavelli, Niccolò, 1469-1527']",English,"['State, The -- Early works to 1800', 'Political science -- Philosophy -- Early works to 1800', 'Political ethics -- Early works to 1800']",[],1232,https://www.gutenberg.org/ebooks/1232
Anne of Green Gables,"['Montgomery, L. M. (Lucy Maud), 1874-1942']",English,"['Orphans -- Fiction', 'Islands -- Fiction', 'Friendship -- Fiction', 'Bildungsromans', 'Girls -- Fiction', 'Country life -- Prince Edward Island -- Fiction', 'Prince Edward Island -- History -- 20th century -- Fiction', 'Canada -- History -- 1867-1914 -- Fiction', 'Shirley, Anne (Fictitious character) -- Fiction']",[],45,https://www.gutenberg.org/ebooks/45
"Walden, and On The Duty Of Civil Disobedience","['Thoreau, Henry David, 1817-1862']",English,"['Civil disobedience', 'Authors, American -- 19th century -- Biography', 'Thoreau, Henry David, 1817-1862 -- Homes and haunts -- Massachusetts -- Walden Woods', 'Wilderness areas -- Massachusetts -- Walden Woods', 'Natural history -- Massachusetts -- Walden Woods', 'Solitude', 'Government, Resistance to', 'Walden Woods (Mass.) -- Social life and customs']",[],205,https://www.gutenberg.org/ebooks/205
"Memoirs of the Duchesse de Dino (Afterwards Duchesse de Talleyrand et de Sagan), 1836-1840","['Dino, Dorothée, duchesse de, 1793-1862']",English,"['Dino, Dorothée, duchesse de, 1793-1862', 'Europe -- Politics and government -- 1815-1848', 'France -- Foreign relations -- 1830-1848']",[],44646,https://www.gutenberg.org/ebooks/44646
Grimms' Fairy Tales,"['Grimm, Jacob, 1785-1863', 'Grimm, Wilhelm, 1786-1859']",English,['Fairy tales -- Germany'],[],2591,https://www.gutenberg.org/ebooks/2591
Oedipus King of ThebesTranslated into English Rhyming Verse with Explanatory Notes,"['Sophocles, 496? BCE-407 BCE']",English,"['Tragedies (Drama)', 'Oedipus (Greek mythological figure) -- Drama']",[],27673,https://www.gutenberg.org/ebooks/27673
Moby Multiple Language Lists of Common Words,"['Ward, Grady, 1951-']",English,['Words and phrase lists -- English'],[],3206,https://www.gutenberg.org/ebooks/3206
Old Times on the Upper MississippiThe Recollections of a Steamboat Pilot from 1854 to 1863,"['Merrick, George Byron']",English,"['Mississippi River -- Description and travel', 'Mississippi River Valley -- Social life and customs -- 19th century', 'Frontier and pioneer life -- Mississippi River Valley', 'Mississippi River Valley -- Description and travel', 'Merrick, George Byron', 'River life -- Mississippi River -- History -- 19th century', 'River boats -- Mississippi River -- History -- 19th century', 'Pilots and pilotage -- Mississippi River -- Biography', 'Steam-navigation -- Mississippi River -- History -- 19th century', 'Mississippi River -- Social life and customs -- 19th century']",[],47262,https://www.gutenberg.org/ebooks/47262
"White nights, and other stories","['Dostoyevsky, Fyodor, 1821-1881']",English,"['Russian fiction -- Translations into English', 'Dostoyevsky, Fyodor, 1821-1881 -- Translations into English']",[],36034,https://www.gutenberg.org/ebooks/36034
Metamorphosis,"['Kafka, Franz, 1883-1924']",English,"['Psychological fiction', 'Metamorphosis -- Fiction']",[],5200,https://www.gutenberg.org/ebooks/5200
War and Peace,"['Tolstoy, Leo, graf, 1828-1910']",English,"['Historical fiction', 'War stories', 'Napoleonic Wars, 1800-1815 -- Campaigns -- Russia -- Fiction', 'Russia -- History -- Alexander I, 1801-1825 -- Fiction', 'Aristocracy (Social class) -- Russia -- Fiction']",[],2600,https://www.gutenberg.org/ebooks/2600
Second Treatise of Government,"['Locke, John, 1632-1704']",English,"['Political science -- Early works to 1800', 'Toleration -- Early works to 1800', 'Liberty -- Early works to 1800']",[],7370,https://www.gutenberg.org/ebooks/7370
"The lesser Key of Solomon, Goetia, the book of evil spirits :  contains two hundred diagrams and seals for invocation and convocation of spirits, necromancy, witchcraft and black art",[],English,"['Magic', 'Occultism']",[],72679,https://www.gutenberg.org/ebooks/72679
The Souls of Black Folk,"['Du Bois, W. E. B. (William Edward Burghardt), 1868-1963']",English,['African Americans'],[],408,https://www.gutenberg.org/ebooks/408
"Old and New Paris: Its History, Its People, and Its Places, v. 1","['Edwards, H. Sutherland (Henry Sutherland), 1828-1906']",English,"['Paris (France) -- Description and travel', 'Paris (France) -- History']",[],42231,https://www.gutenberg.org/ebooks/42231
Noli Me Tangere,"['Rizal, José, 1861-1896']",Tagalog,"['Historical fiction', 'Philippines -- History -- 1812-1898 -- Fiction']",[],20228,https://www.gutenberg.org/ebooks/20228
Ulysses,"['Joyce, James, 1882-1941']",English,"['City and town life -- Fiction', 'Psychological fiction', 'Domestic fiction', 'Married people -- Fiction', 'Male friendship -- Fiction', 'Dublin (Ireland) -- Fiction', 'Epic literature', 'Artists -- Fiction', 'Jewish men -- Fiction', 'Alienation (Social psychology) -- Fiction']",[],4300,https://www.gutenberg.org/ebooks/4300
"Narrative of the Life of Frederick Douglass, an American Slave","['Douglass, Frederick, 1818-1895']",English,"['Douglass, Frederick, 1818-1895', 'African American abolitionists -- Biography', 'Abolitionists -- United States -- Biography', 'Enslaved persons -- United States -- Biography']",[],23,https://www.gutenberg.org/ebooks/23
Treasure Island,"['Stevenson, Robert Louis, 1850-1894']",English,"['Sea stories', 'Pirates -- Fiction', 'Treasure troves -- Fiction', 'Treasure Island (Imaginary place) -- Fiction']",[],120,https://www.gutenberg.org/ebooks/120
"The Adventures of Tom Sawyer, Complete","['Twain, Mark, 1835-1910']",English,"['Humorous stories', 'Bildungsromans', 'Boys -- Fiction', 'Male friendship -- Fiction', 'Adventure stories', 'Missouri -- Fiction', 'Sawyer, Tom (Fictitious character) -- Fiction', 'Child witnesses -- Fiction', 'Runaway children -- Fiction', 'Mississippi River Valley -- Fiction']",[],74,https://www.gutenberg.org/ebooks/74
The Confessions of St. Augustine,"['Augustine, of Hippo, Saint, 354-430']",English,"['Augustine, of Hippo, Saint, 354-430', 'Christian saints -- Algeria -- Hippo (Extinct city) -- Biography', 'Catholic Church -- Bishops -- Biography', 'Bishops -- Algeria -- Hippo (Extinct city) -- Biography']",[],3296,https://www.gutenberg.org/ebooks/3296
The Republic,"['Plato, 428? BCE-348? BCE']",English,"['Classical literature', 'Political science -- Early works to 1800', 'Utopias -- Early works to 1800', 'Justice -- Early works to 1800']",[],1497,https://www.gutenberg.org/ebooks/1497
Heath's Modern Language Series: The Spanish American Reader,"['Nelson, Ernesto']",Spanish,['Spanish language -- Readers'],[],39647,https://www.gutenberg.org/ebooks/39647
Meditations,"['Marcus Aurelius, Emperor of Rome, 121-180']",English,"['Stoics', 'Ethics', 'Life']",[],2680,https://www.gutenberg.org/ebooks/2680
"Doctrina ChristianaThe first book printed in the Philippines, Manila, 1593.",[],Tagalog,"['Tagalog language -- Texts', 'Catholic Church -- Catechisms -- Tagalog', 'Catholic Church -- Catechisms -- Spanish', 'Block books -- Facsimiles']",[],16119,https://www.gutenberg.org/ebooks/16119
Beyond Good and Evil,"['Nietzsche, Friedrich Wilhelm, 1844-1900']",English,"['Ethics', 'Philosophy, German']",[],4363,https://www.gutenberg.org/ebooks/4363
Sense and Sensibility,"['Austen, Jane, 1775-1817']",English,"['England -- Social life and customs -- 19th century -- Fiction', 'Inheritance and succession -- Fiction', 'England -- Fiction', 'Young women -- Fiction', 'Love stories', 'Sisters -- Fiction', 'Domestic fiction', 'Mate selection -- Fiction', 'Social classes -- Fiction', 'Gentry -- England -- Fiction', 'Regency fiction']",[],161,https://www.gutenberg.org/ebooks/161
The OdysseyRendered into English prose for the use of those who cannot read the original,"['Homer, 751? BCE-651? BCE']",English,"['Homer -- Translations into English', 'Epic poetry, Greek -- Translations into English', 'Odysseus, King of Ithaca (Mythological character)']",[],1727,https://www.gutenberg.org/ebooks/1727
"韓詩外傳, Complete","['Han, Ying, active 150 B.C.']",Chinese,['Shi jing'],[],7290,https://www.gutenberg.org/ebooks/7290
The Enchiridion,"['Epictetus, 55-135']",English,"['Conduct of life -- Early works to 1800', 'Ethics, Ancient']",[],45109,https://www.gutenberg.org/ebooks/45109
Don Quijote,"['Cervantes Saavedra, Miguel de, 1547-1616']",Spanish,"['Spain -- Social life and customs -- 16th century -- Fiction', 'Knights and knighthood -- Spain -- Fiction', 'Picaresque literature', 'Romances']",[],2000,https://www.gutenberg.org/ebooks/2000
The Works of Edgar Allan Poe — Volume 2,"['Poe, Edgar Allan, 1809-1849']",English,"['Short stories', 'Fantasy fiction', 'Horror tales, American', 'American fiction -- 19th century']",[],2148,https://www.gutenberg.org/ebooks/2148
"The Interesting Narrative of the Life of Olaudah Equiano, Or Gustavus Vassa, The AfricanWritten By Himself","['Equiano, Olaudah, 1745-1797']",English,"['Enslaved persons -- United States -- Biography', 'Equiano, Olaudah, 1745-1797', 'Enslaved persons -- Great Britain -- Biography']",[],15399,https://www.gutenberg.org/ebooks/15399
The divine comedy,"['Dante Alighieri, 1265-1321']",English,"['Epic poetry, Italian -- Translations into English', 'Italian poetry -- To 1400 -- Translations into English']",[],8800,https://www.gutenberg.org/ebooks/8800
How the Other Half Lives: Studies Among the Tenements of New York,"['Riis, Jacob A. (Jacob August), 1849-1914']",English,"['Poor -- New York (State) -- New York', 'Tenement houses -- New York (State) -- New York']",[],45502,https://www.gutenberg.org/ebooks/45502
肉蒲團,"['Li, Yu, 1611-1680?']",Chinese,"['Erotic literature, Chinese', 'Chinese fiction', 'Erotic fiction, Chinese']",[],52205,https://www.gutenberg.org/ebooks/52205
"Master tales of mystery, Volume 1 (of 3)",['Various'],English,[],[],77811,https://www.gutenberg.org/ebooks/77811
Tractatus Logico-Philosophicus,"['Wittgenstein, Ludwig, 1889-1951']",English,"['Logic, Symbolic and mathematical', 'Language and languages -- Philosophy']",[],5740,https://www.gutenberg.org/ebooks/5740
"Frankenstein; Or, The Modern Prometheus","['Shelley, Mary Wollstonecraft, 1797-1851']",English,"['Science fiction', 'Horror tales', 'Gothic fiction', 'Scientists -- Fiction', 'Monsters -- Fiction', 'Frankenstein, Victor (Fictitious character) -- Fiction', ""Frankenstein's monster (Fictitious character) -- Fiction""]",[],41445,https://www.gutenberg.org/ebooks/41445
"Ang ""Filibusterismo"" (Karugtóng ng Noli Me Tangere)","['Rizal, José, 1861-1896']",Tagalog,"['Nationalists -- Philippines -- Fiction', 'Philippines -- History -- Fiction', 'Philippine fiction (Spanish) -- Translations into Tagalog']",[],47629,https://www.gutenberg.org/ebooks/47629
Du côté de chez Swann,"['Proust, Marcel, 1871-1922']",French,"['Autobiographical fiction', 'Villages -- France -- Fiction', 'France -- Social life and customs -- 19th century -- Fiction']",[],2650,https://www.gutenberg.org/ebooks/2650
A Study in Scarlet,"['Doyle, Arthur Conan, 1859-1930']",English,"['Holmes, Sherlock (Fictitious character) -- Fiction', 'Private investigators -- England -- Fiction', 'Detective and mystery stories', 'England -- Fiction']",[],244,https://www.gutenberg.org/ebooks/244
Anna Karenina,"['Tolstoy, Leo, graf, 1828-1910']",English,"['Adultery -- Fiction', 'Didactic fiction', 'Love stories', 'Married women -- Fiction', 'Russia -- Fiction']",[],1399,https://www.gutenberg.org/ebooks/1399
Candide,"['Voltaire, 1694-1778']",English,"['Satire', 'Optimism -- Fiction']",[],19942,https://www.gutenberg.org/ebooks/19942
The Reign of Greed,"['Rizal, José, 1861-1896']",English,"['Philippine fiction (Spanish) -- Translations into English', 'Nationalists -- Philippines -- Fiction', 'Philippines -- History -- Fiction']",[],10676,https://www.gutenberg.org/ebooks/10676
"The Letters of Franklin K. Lane, Personal and Political","['Lane, Franklin K., 1864-1921']",English,"['World War, 1914-1918 -- United States', 'United States -- Politics and government -- 1913-1921']",[],4206,https://www.gutenberg.org/ebooks/4206
The Art of War,"['Sunzi, active 6th century B.C.']",English,"['Military art and science -- Early works to 1800', 'War -- Early works to 1800']",[],132,https://www.gutenberg.org/ebooks/132
A Short Biographical Dictionary of English Literature,"['Cousin, John W. (John William), 1849-1910']",English,"['English literature -- Bio-bibliography', 'American literature -- Bio-bibliography']",[],13240,https://www.gutenberg.org/ebooks/13240
Heart of Darkness,"['Conrad, Joseph, 1857-1924']",English,"['Africa -- Fiction', 'Europeans -- Africa -- Fiction', 'Trading posts -- Fiction', 'Degeneration -- Fiction', 'Imperialism -- Fiction', 'Psychological fiction']",[],219,https://www.gutenberg.org/ebooks/219
The coast guardsman,"['Carlton, W. E.']",English,[],[],77810,https://www.gutenberg.org/ebooks/77810
"Cassell's History of England, Vol. 6 (of 8)From the Death of Sir Robert Peel to the Illness of the Prince of Wales",['Anonymous'],English,['Great Britain -- History'],[],61502,https://www.gutenberg.org/ebooks/61502
On Liberty,"['Mill, John Stuart, 1806-1873']",English,['Liberty'],[],34901,https://www.gutenberg.org/ebooks/34901
"Frankenstein; Or, The Modern Prometheus","['Shelley, Mary Wollstonecraft, 1797-1851']",English,"['Science fiction', 'Horror tales', 'Gothic fiction', 'Scientists -- Fiction', 'Monsters -- Fiction', 'Frankenstein, Victor (Fictitious character) -- Fiction', ""Frankenstein's monster (Fictitious character) -- Fiction""]",[],42324,https://www.gutenberg.org/ebooks/42324
A Christmas Carol in Prose; Being a Ghost Story of Christmas,"['Dickens, Charles, 1812-1870']",English,"['Christmas stories', 'London (England) -- Fiction', 'Poor families -- Fiction', 'Ghost stories', 'Misers -- Fiction', 'Sick children -- Fiction', 'Scrooge, Ebenezer (Fictitious character) -- Fiction']",[],46,https://www.gutenberg.org/ebooks/46
